﻿<?xml version="1.0" encoding="utf-8"?>
<install version="1.6" client="site" type="language" method="upgrade">
	<name>English (USA)</name>
    <tag>en-US</tag>
    <version>1.6.4</version>
    <creationDate>2011-06-27</creationDate>
    <author>Aussiesrus - Australia</author>
    <authorEmail>admin@aussiesrus.com.au</authorEmail>
    <authorUrl>www.aussiesrus.com.au</authorUrl>
    <copyright>Copyright (C) 2005 - 2011 Open Source Matters. All rights reserved</copyright>
    <license>GNU General Public License version 2 or later; see LICENSE.txt</license>
    <description>English en-US site pack for Joomla! 1.6.4</description>
	<files>
        <filename>index.html</filename>
		<filename>en-US.com_contact.ini</filename>
		<filename>en-US.com_content.ini</filename>
		<filename>en-US.com_mailto.ini</filename>
		<filename>en-US.com_media.ini</filename>
		<filename>en-US.com_messages.ini</filename>
		<filename>en-US.com_newsfeeds.ini</filename>
		<filename>en-US.com_search.ini</filename>
		<filename>en-US.com_users.ini</filename>
		<filename>en-US.com_weblinks.ini</filename>
		<filename>en-US.com_wrapper.ini</filename>
		<filename>en-US.ini</filename>
		<filename>en-US.lib_joomla.ini</filename>
		<filename>en-US.localise.php</filename>
		<filename>en-US.mod_articles_archive.ini</filename>
		<filename>en-US.mod_articles_archive.sys.ini</filename>
		<filename>en-US.mod_articles_categories.ini</filename>
		<filename>en-US.mod_articles_categories.sys.ini</filename>
		<filename>en-US.mod_articles_category.ini</filename>
		<filename>en-US.mod_articles_category.sys.ini</filename>
		<filename>en-US.mod_articles_latest.ini</filename>
		<filename>en-US.mod_articles_latest.sys.ini</filename>
		<filename>en-US.mod_articles_news.ini</filename>
		<filename>en-US.mod_articles_news.sys.ini</filename>
		<filename>en-US.mod_articles_popular.ini</filename>
		<filename>en-US.mod_articles_popular.sys.ini</filename>
		<filename>en-US.mod_banners.ini</filename>
		<filename>en-US.mod_banners.sys.ini</filename>
		<filename>en-US.mod_breadcrumbs.ini</filename>
		<filename>en-US.mod_breadcrumbs.sys.ini</filename>
		<filename>en-US.mod_custom.ini</filename>
		<filename>en-US.mod_custom.sys.ini</filename>
		<filename>en-US.mod_feed.ini</filename>
		<filename>en-US.mod_feed.sys.ini</filename>
		<filename>en-US.mod_footer.ini</filename>
		<filename>en-US.mod_footer.sys.ini</filename>
		<filename>en-US.mod_languages.ini</filename>
		<filename>en-US.mod_languages.sys.ini</filename>
		<filename>en-US.mod_login.ini</filename>
		<filename>en-US.mod_login.sys.ini</filename>
		<filename>en-US.mod_menu.ini</filename>
		<filename>en-US.mod_menu.sys.ini</filename>
		<filename>en-US.mod_random_image.ini</filename>
		<filename>en-US.mod_random_image.sys.ini</filename>
		<filename>en-US.mod_related_items.ini</filename>
		<filename>en-US.mod_related_items.sys.ini</filename>
		<filename>en-US.mod_search.ini</filename>
		<filename>en-US.mod_search.sys.ini</filename>
		<filename>en-US.mod_stats.ini</filename>
		<filename>en-US.mod_stats.sys.ini</filename>
		<filename>en-US.mod_syndicate.ini</filename>
		<filename>en-US.mod_syndicate.sys.ini</filename>
		<filename>en-US.mod_users_latest.ini</filename>
		<filename>en-US.mod_users_latest.sys.ini</filename>
		<filename>en-US.mod_weblinks.ini</filename>
		<filename>en-US.mod_weblinks.sys.ini</filename>
		<filename>en-US.mod_whosonline.ini</filename>
		<filename>en-US.mod_whosonline.sys.ini</filename>
		<filename>en-US.mod_wrapper.ini</filename>
		<filename>en-US.mod_wrapper.sys.ini</filename>
		<filename>en-US.tpl_atomic.ini</filename>
		<filename>en-US.tpl_atomic.sys.ini</filename>
		<filename>en-US.tpl_beez_20.ini</filename>
		<filename>en-US.tpl_beez_20.sys.ini</filename>
		<filename>en-US.tpl_beez5.ini</filename>
		<filename>en-US.tpl_beez5.sys.ini</filename>
		<filename file="meta">install.xml</filename>
		<filename file="meta">en-US.xml</filename>
	</files>
</install>