<?xml version="1.0" encoding="utf-8" ?>
<extension version="1.6" client="site" type="language" method="upgrade" overwrite="true">
	<name>日本語 (Japan)</name>
	<tag>ja-JP</tag>
	<version>1.6.4</version>
	<creationDate>2011-06-27</creationDate>
	<author>Japanese translation team : Joomla.jp</author>
	<authorEmail>project@joomla.jp</authorEmail>
	<authorUrl>www.joomla.jp</authorUrl>
	<copyright>Copyright (C) 2005 - 2011 Joomla.jp and Open Source Matters. All rights reserved.</copyright>
	<license>GNU General Public License version 2 or later; see LICENSE.txt</license>
	<description>Joomla! 1.6 サイト用日本語ファイルです。</description>
	<files>
		<filename>index.html</filename>
		<filename>ja-JP.com_contact.ini</filename>
		<filename>ja-JP.com_content.ini</filename>
		<filename>ja-JP.com_mailto.ini</filename>
		<filename>ja-JP.com_media.ini</filename>
		<filename>ja-JP.com_messages.ini</filename>
		<filename>ja-JP.com_newsfeeds.ini</filename>
		<filename>ja-JP.com_search.ini</filename>
		<filename>ja-JP.com_users.ini</filename>
		<filename>ja-JP.com_weblinks.ini</filename>
		<filename>ja-JP.com_wrapper.ini</filename>
		<filename>ja-JP.files_joomla.sys.ini</filename>
		<filename>ja-JP.ini</filename>
		<filename>ja-JP.lib_joomla.ini</filename>
		<filename>ja-JP.localise.php</filename>
		<filename>ja-JP.mod_articles_archive.ini</filename>
		<filename>ja-JP.mod_articles_archive.sys.ini</filename>
		<filename>ja-JP.mod_articles_categories.ini</filename>
		<filename>ja-JP.mod_articles_categories.sys.ini</filename>
		<filename>ja-JP.mod_articles_category.ini</filename>
		<filename>ja-JP.mod_articles_category.sys.ini</filename>
		<filename>ja-JP.mod_articles_latest.ini</filename>
		<filename>ja-JP.mod_articles_latest.sys.ini</filename>
		<filename>ja-JP.mod_articles_news.ini</filename>
		<filename>ja-JP.mod_articles_news.sys.ini</filename>
		<filename>ja-JP.mod_articles_popular.ini</filename>
		<filename>ja-JP.mod_articles_popular.sys.ini</filename>
		<filename>ja-JP.mod_banners.ini</filename>
		<filename>ja-JP.mod_banners.sys.ini</filename>
		<filename>ja-JP.mod_breadcrumbs.ini</filename>
		<filename>ja-JP.mod_breadcrumbs.sys.ini</filename>
		<filename>ja-JP.mod_custom.ini</filename>
		<filename>ja-JP.mod_custom.sys.ini</filename>
		<filename>ja-JP.mod_feed.ini</filename>
		<filename>ja-JP.mod_feed.sys.ini</filename>
		<filename>ja-JP.mod_footer.ini</filename>
		<filename>ja-JP.mod_footer.sys.ini</filename>
		<filename>ja-JP.mod_languages.ini</filename>
		<filename>ja-JP.mod_languages.sys.ini</filename>
		<filename>ja-JP.mod_login.ini</filename>
		<filename>ja-JP.mod_login.sys.ini</filename>
		<filename>ja-JP.mod_menu.ini</filename>
		<filename>ja-JP.mod_menu.sys.ini</filename>
		<filename>ja-JP.mod_random_image.ini</filename>
		<filename>ja-JP.mod_random_image.sys.ini</filename>
		<filename>ja-JP.mod_related_items.ini</filename>
		<filename>ja-JP.mod_related_items.sys.ini</filename>
		<filename>ja-JP.mod_search.ini</filename>
		<filename>ja-JP.mod_search.sys.ini</filename>
		<filename>ja-JP.mod_stats.ini</filename>
		<filename>ja-JP.mod_stats.sys.ini</filename>
		<filename>ja-JP.mod_syndicate.ini</filename>
		<filename>ja-JP.mod_syndicate.sys.ini</filename>
		<filename>ja-JP.mod_users_latest.ini</filename>
		<filename>ja-JP.mod_users_latest.sys.ini</filename>
		<filename>ja-JP.mod_weblinks.ini</filename>
		<filename>ja-JP.mod_weblinks.sys.ini</filename>
		<filename>ja-JP.mod_whosonline.ini</filename>
		<filename>ja-JP.mod_whosonline.sys.ini</filename>
		<filename>ja-JP.mod_wrapper.ini</filename>
		<filename>ja-JP.mod_wrapper.sys.ini</filename>
		<filename>ja-JP.tpl_atomic.ini</filename>
		<filename>ja-JP.tpl_atomic.sys.ini</filename>
		<filename>ja-JP.tpl_beez_20.ini</filename>
		<filename>ja-JP.tpl_beez_20.sys.ini</filename>
		<filename>ja-JP.tpl_beez5.ini</filename>
		<filename>ja-JP.tpl_beez5.sys.ini</filename>
		<filename>ja-JP.localise.php</filename>
		<filename file="meta">install.xml</filename>
		<filename file="meta">ja-JP.xml</filename>
	</files>
</extension>
